time,id,age,x,y
1.0,509333fc-2f86-45f5-b4b9-23fa608dc2ae,21.002739726027396,70.96424786034214,92.33211925246592
1.0,96dd9d4d-bbba-40a4-8e8c-871b12f3fab0,13.002739726027396,58.92757528393695,83.26112755564385
1.0,d1d3229f-4248-4824-94dc-8e68eefab77b,33.0027397260274,35.410389830906325,80.51248442337184
1.0,9b80ca75-5126-4c84-b5f7-7debf16f1b7a,39.0027397260274,63.82389608698113,27.264597681800726
1.0,5130c1a4-3f17-41fd-a402-d4955bd9e799,25.002739726027396,19.439287612906792,50.0769898888664
1.0,da898b76-e02c-4f73-82d3-7101de381409,18.002739726027396,51.93333712245428,72.80685839058968
1.0,3adcec11-17b2-4548-a8c5-54ef36b05bb8,2.0027397260273974,15.894241642248582,83.48210035113708
1.0,86555c99-353c-4e91-967d-495bc646bfc3,6.002739726027397,29.015407431428095,2.6317415395755868
1.0,1c3aeb92-3669-487e-8330-2953ed0447b5,17.002739726027396,60.415134711885536,41.24463621252569
1.0,3b2fd671-370f-41c5-84eb-765d8c900e19,7.002739726027397,46.11823119652973,17.078062429910624
2.0,509333fc-2f86-45f5-b4b9-23fa608dc2ae,21.005479452054793,70.45533992833019,93.70488484603764
2.0,96dd9d4d-bbba-40a4-8e8c-871b12f3fab0,13.005479452054793,58.375601022742785,84.70416370955972
2.0,d1d3229f-4248-4824-94dc-8e68eefab77b,33.0054794520548,34.85834584386484,79.01376984593668
2.0,9b80ca75-5126-4c84-b5f7-7debf16f1b7a,39.0054794520548,63.17065129231172,28.67869245793328
2.0,5130c1a4-3f17-41fd-a402-d4955bd9e799,25.005479452054793,18.474742618178116,50.677897682663705
2.0,da898b76-e02c-4f73-82d3-7101de381409,18.005479452054793,51.19229196666113,73.81617580505718
2.0,3adcec11-17b2-4548-a8c5-54ef36b05bb8,2.0054794520547947,14.266411396128932,83.4213154100556
2.0,86555c99-353c-4e91-967d-495bc646bfc3,6.005479452054795,29.796573475235917,3.5500526738174596
2.0,1c3aeb92-3669-487e-8330-2953ed0447b5,17.005479452054793,59.29328492153788,41.9086388569725
2.0,3b2fd671-370f-41c5-84eb-765d8c900e19,7.005479452054795,47.339943142124454,16.37235829635257
3.0,509333fc-2f86-45f5-b4b9-23fa608dc2ae,21.00821917808219,71.91801798722533,93.64128017493744
3.0,96dd9d4d-bbba-40a4-8e8c-871b12f3fab0,13.00821917808219,56.84393787831502,84.90673946953805
3.0,d1d3229f-4248-4824-94dc-8e68eefab77b,33.0082191780822,34.33083969048886,77.50624365830484
3.0,9b80ca75-5126-4c84-b5f7-7debf16f1b7a,39.0082191780822,61.75529754112814,28.028179924111974
3.0,5130c1a4-3f17-41fd-a402-d4955bd9e799,25.00821917808219,17.41655150862141,51.09222701925193
3.0,da898b76-e02c-4f73-82d3-7101de381409,18.00821917808219,51.834710065055646,74.89096348312529
3.0,3adcec11-17b2-4548-a8c5-54ef36b05bb8,2.008219178082192,13.012457190170238,82.38154381561635
3.0,86555c99-353c-4e91-967d-495bc646bfc3,6.008219178082192,30.900349492331127,4.0350209525289635
3.0,1c3aeb92-3669-487e-8330-2953ed0447b5,17.00821917808219,58.14604244391507,41.28954180361713
3.0,3b2fd671-370f-41c5-84eb-765d8c900e19,7.008219178082192,48.45492929709565,17.236883759454912
4.0,509333fc-2f86-45f5-b4b9-23fa608dc2ae,21.010958904109586,73.38153367192069,93.60134899902626
4.0,96dd9d4d-bbba-40a4-8e8c-871b12f3fab0,13.010958904109586,55.40164360738308,85.46064935622185
4.0,d1d3229f-4248-4824-94dc-8e68eefab77b,33.0109589041096,32.843497698723695,76.9242541843645
4.0,9b80ca75-5126-4c84-b5f7-7debf16f1b7a,39.0109589041096,60.38732338588377,28.773189661116472
4.0,5130c1a4-3f17-41fd-a402-d4955bd9e799,25.010958904109586,17.018110127438447,52.15650221358068
4.0,da898b76-e02c-4f73-82d3-7101de381409,18.010958904109586,52.89204819604769,75.56171354300014
4.0,3adcec11-17b2-4548-a8c5-54ef36b05bb8,2.0109589041095894,12.04885975187241,83.69493869003536
4.0,86555c99-353c-4e91-967d-495bc646bfc3,6.010958904109589,32.01798281972746,4.487139822699147
4.0,1c3aeb92-3669-487e-8330-2953ed0447b5,17.010958904109586,57.269436288886176,42.25442942033779
4.0,3b2fd671-370f-41c5-84eb-765d8c900e19,7.010958904109589,48.69466768066212,15.846515495441842
5.0,509333fc-2f86-45f5-b4b9-23fa608dc2ae,21.013698630136982,72.14335065009473,94.38261429495392
5.0,96dd9d4d-bbba-40a4-8e8c-871b12f3fab0,13.013698630136982,54.09093394997792,86.27861581061592
5.0,d1d3229f-4248-4824-94dc-8e68eefab77b,33.013698630137,31.436143248746585,76.16910426522595
5.0,9b80ca75-5126-4c84-b5f7-7debf16f1b7a,39.013698630137,58.8400068723112,28.952645517732215
5.0,5130c1a4-3f17-41fd-a402-d4955bd9e799,25.013698630136982,17.18892274789939,53.280005783754696
5.0,da898b76-e02c-4f73-82d3-7101de381409,18.013698630136982,52.100466594337895,76.53190328418812
5.0,3adcec11-17b2-4548-a8c5-54ef36b05bb8,2.013698630136987,13.311360005744172,84.72431676840014
5.0,86555c99-353c-4e91-967d-495bc646bfc3,6.013698630136987,30.85685887442526,4.162629559507333
5.0,1c3aeb92-3669-487e-8330-2953ed0447b5,17.013698630136982,56.06458512033356,42.75220459606759
5.0,3b2fd671-370f-41c5-84eb-765d8c900e19,7.013698630136987,48.11963728527633,17.134901480506972
6.0,509333fc-2f86-45f5-b4b9-23fa608dc2ae,21.01643835616438,71.78719506730941,95.80269382054743
6.0,96dd9d4d-bbba-40a4-8e8c-871b12f3fab0,13.016438356164379,55.60407028429732,86.59078140816247
6.0,d1d3229f-4248-4824-94dc-8e68eefab77b,33.0164383561644,29.90240766908168,76.61469726328055
6.0,9b80ca75-5126-4c84-b5f7-7debf16f1b7a,39.0164383561644,58.32155428494182,30.42152254195788
6.0,5130c1a4-3f17-41fd-a402-d4955bd9e799,25.01643835616438,18.270367076325645,53.62916962497709
6.0,da898b76-e02c-4f73-82d3-7101de381409,18.01643835616438,51.79740821821632,75.31698551465209
6.0,3adcec11-17b2-4548-a8c5-54ef36b05bb8,2.016438356164384,14.79270412576725,84.04671384830807
6.0,86555c99-353c-4e91-967d-495bc646bfc3,6.016438356164384,32.05651137334678,4.282419413427889
6.0,1c3aeb92-3669-487e-8330-2953ed0447b5,17.01643835616438,54.996081225611036,42.00538072734203
6.0,3b2fd671-370f-41c5-84eb-765d8c900e19,7.016438356164384,48.55035312093445,15.791367978489586
7.0,509333fc-2f86-45f5-b4b9-23fa608dc2ae,21.019178082191775,71.29717826727948,97.18231557807644
7.0,96dd9d4d-bbba-40a4-8e8c-871b12f3fab0,13.019178082191775,57.10965065069477,86.24400094901331
7.0,d1d3229f-4248-4824-94dc-8e68eefab77b,33.0191780821918,29.9970972445045,75.02035356365002
7.0,9b80ca75-5126-4c84-b5f7-7debf16f1b7a,39.0191780821918,58.195623186735105,31.974112042164716
7.0,5130c1a4-3f17-41fd-a402-d4955bd9e799,25.019178082191775,19.29851279024856,53.14506879411183
7.0,da898b76-e02c-4f73-82d3-7101de381409,18.019178082191775,52.85281777105798,75.9907660737679
7.0,3adcec11-17b2-4548-a8c5-54ef36b05bb8,2.0191780821917815,13.329254552370298,84.7621448130898
7.0,86555c99-353c-4e91-967d-495bc646bfc3,6.0191780821917815,32.96392842358228,3.4886247143949083
7.0,1c3aeb92-3669-487e-8330-2953ed0447b5,17.019178082191775,53.69434417138184,42.07557407162863
7.0,3b2fd671-370f-41c5-84eb-765d8c900e19,7.0191780821917815,49.5437063573481,16.79329000631227
8.0,509333fc-2f86-45f5-b4b9-23fa608dc2ae,21.02191780821917,70.60098318506083,95.89437727767009
8.0,96dd9d4d-bbba-40a4-8e8c-871b12f3fab0,13.021917808219172,57.11857827189566,87.78897642587657
8.0,d1d3229f-4248-4824-94dc-8e68eefab77b,33.0219178082192,28.797204738151354,76.07446737223185
8.0,9b80ca75-5126-4c84-b5f7-7debf16f1b7a,39.0219178082192,59.604453021771384,31.30958868399007
8.0,5130c1a4-3f17-41fd-a402-d4955bd9e799,25.02191780821917,19.137577787499946,52.020107839948174
8.0,da898b76-e02c-4f73-82d3-7101de381409,18.02191780821917,53.94378557805049,76.60530558444057
8.0,3adcec11-17b2-4548-a8c5-54ef36b05bb8,2.021917808219179,13.033654422150477,86.36406449967158
8.0,86555c99-353c-4e91-967d-495bc646bfc3,6.021917808219179,32.149685397102964,2.599510536631014
8.0,1c3aeb92-3669-487e-8330-2953ed0447b5,17.02191780821917,54.8131444821547,41.406446035637025
8.0,3b2fd671-370f-41c5-84eb-765d8c900e19,7.021917808219179,50.61827389625969,15.879012692557149
9.0,509333fc-2f86-45f5-b4b9-23fa608dc2ae,21.02465753424657,71.0391227501479,97.29134054836274
9.0,96dd9d4d-bbba-40a4-8e8c-871b12f3fab0,13.024657534246568,55.58118063567567,87.63588353030543
9.0,d1d3229f-4248-4824-94dc-8e68eefab77b,33.0246575342466,27.356967829513007,76.76484089087316
9.0,9b80ca75-5126-4c84-b5f7-7debf16f1b7a,39.0246575342466,59.62620535177735,29.752052285125707
9.0,5130c1a4-3f17-41fd-a402-d4955bd9e799,25.02465753424657,19.206716535563324,50.8857987740324
9.0,da898b76-e02c-4f73-82d3-7101de381409,18.02465753424657,53.05302202456387,75.72529998340626
9.0,3adcec11-17b2-4548-a8c5-54ef36b05bb8,2.0246575342465762,13.229834376762625,87.98117288956158
9.0,86555c99-353c-4e91-967d-495bc646bfc3,6.024657534246576,30.956336982712713,2.427943380265815
9.0,1c3aeb92-3669-487e-8330-2953ed0447b5,17.02465753424657,56.03439398735382,41.862511940947115
9.0,3b2fd671-370f-41c5-84eb-765d8c900e19,7.024657534246576,50.491133069458904,17.284158098659375
10.0,509333fc-2f86-45f5-b4b9-23fa608dc2ae,21.027397260273965,71.59453908760767,98.64595685944192
10.0,96dd9d4d-bbba-40a4-8e8c-871b12f3fab0,13.027397260273965,56.66473421798523,88.73721933776531
10.0,d1d3229f-4248-4824-94dc-8e68eefab77b,33.027397260274,25.821175598219764,76.32638887463347
10.0,9b80ca75-5126-4c84-b5f7-7debf16f1b7a,39.027397260274,60.990914540348626,29.001078498447907
10.0,5130c1a4-3f17-41fd-a402-d4955bd9e799,25.027397260273965,18.587202973001187,49.9330972629052
10.0,da898b76-e02c-4f73-82d3-7101de381409,18.027397260273965,53.08700893735305,76.97698463052426
10.0,3adcec11-17b2-4548-a8c5-54ef36b05bb8,2.0273972602739736,14.8017774382222,88.40839780781114
10.0,86555c99-353c-4e91-967d-495bc646bfc3,6.027397260273974,29.75805651870791,2.5607577501788588
10.0,1c3aeb92-3669-487e-8330-2953ed0447b5,17.027397260273965,56.30308301939179,40.58687379946736
10.0,3b2fd671-370f-41c5-84eb-765d8c900e19,7.027397260273974,51.59014016104562,18.168907676094644
11.0,509333fc-2f86-45f5-b4b9-23fa608dc2ae,21.03013698630136,72.75900467041455,97.75854908135045
11.0,96dd9d4d-bbba-40a4-8e8c-871b12f3fab0,13.030136986301361,55.31051260613674,87.99350383266162
11.0,d1d3229f-4248-4824-94dc-8e68eefab77b,33.0301369863014,24.826085190372346,75.07711187234159
11.0,9b80ca75-5126-4c84-b5f7-7debf16f1b7a,39.0301369863014,62.06107777417262,27.86920242280206
11.0,5130c1a4-3f17-41fd-a402-d4955bd9e799,25.03013698630136,19.260861252830765,50.848314038057154
11.0,da898b76-e02c-4f73-82d3-7101de381409,18.03013698630136,52.07315787623438,77.71181494559053
11.0,3adcec11-17b2-4548-a8c5-54ef36b05bb8,2.030136986301371,13.776491558508594,89.67422361893372
11.0,86555c99-353c-4e91-967d-495bc646bfc3,6.030136986301371,29.526885383593324,1.3775098329777355
11.0,1c3aeb92-3669-487e-8330-2953ed0447b5,17.03013698630136,57.54826711662163,40.20091651175103
11.0,3b2fd671-370f-41c5-84eb-765d8c900e19,7.030136986301371,51.479308144085365,19.575433419245584
12.0,509333fc-2f86-45f5-b4b9-23fa608dc2ae,21.032876712328758,73.62476411199735,96.57789957897083
12.0,96dd9d4d-bbba-40a4-8e8c-871b12f3fab0,13.032876712328758,55.67061413970527,86.49105389604118
12.0,d1d3229f-4248-4824-94dc-8e68eefab77b,33.0328767123288,25.543060464023096,76.50429245139203
12.0,9b80ca75-5126-4c84-b5f7-7debf16f1b7a,39.0328767123288,62.1130926160149,26.312382826999073
12.0,5130c1a4-3f17-41fd-a402-d4955bd9e799,25.032876712328758,19.37632921637044,49.71778125529564
12.0,da898b76-e02c-4f73-82d3-7101de381409,18.032876712328758,51.49625261493995,76.6004869626968
12.0,3adcec11-17b2-4548-a8c5-54ef36b05bb8,2.0328767123287683,12.155040055053993,89.830496269097
12.0,86555c99-353c-4e91-967d-495bc646bfc3,6.032876712328768,28.34490477742779,1.6150757689187216
12.0,1c3aeb92-3669-487e-8330-2953ed0447b5,17.032876712328758,57.65255382931457,41.50036668220434
12.0,3b2fd671-370f-41c5-84eb-765d8c900e19,7.032876712328768,52.110630807429374,20.837190169525925
13.0,509333fc-2f86-45f5-b4b9-23fa608dc2ae,21.035616438356154,74.38820916740772,97.82714907588026
13.0,96dd9d4d-bbba-40a4-8e8c-871b12f3fab0,13.035616438356154,54.148563370190686,86.75636575320028
13.0,d1d3229f-4248-4824-94dc-8e68eefab77b,33.0356164383562,26.093999293865345,78.00341364529777
13.0,9b80ca75-5126-4c84-b5f7-7debf16f1b7a,39.0356164383562,62.62593084511514,24.841536217586185
13.0,5130c1a4-3f17-41fd-a402-d4955bd9e799,25.035616438356154,20.512175526445986,49.753703162125035
13.0,da898b76-e02c-4f73-82d3-7101de381409,18.035616438356154,50.257537815037885,76.78339461856568
13.0,3adcec11-17b2-4548-a8c5-54ef36b05bb8,2.0356164383561657,11.095838219166342,88.59291088210486
13.0,86555c99-353c-4e91-967d-495bc646bfc3,6.035616438356166,29.028425314343043,2.608209900285702
13.0,1c3aeb92-3669-487e-8330-2953ed0447b5,17.035616438356154,56.41174104064398,41.1005791293629
13.0,3b2fd671-370f-41c5-84eb-765d8c900e19,7.035616438356166,53.48573842733746,21.152907504812568
14.0,509333fc-2f86-45f5-b4b9-23fa608dc2ae,21.03835616438355,74.88177934695989,96.44879457285288
14.0,96dd9d4d-bbba-40a4-8e8c-871b12f3fab0,13.03835616438355,55.528257380989906,87.45168824175788
14.0,d1d3229f-4248-4824-94dc-8e68eefab77b,33.0383561643836,27.02691209866028,76.70704500679444
14.0,9b80ca75-5126-4c84-b5f7-7debf16f1b7a,39.0383561643836,62.08340988510593,23.381377388691625
14.0,5130c1a4-3f17-41fd-a402-d4955bd9e799,25.03835616438355,21.44327966580005,50.40522622785657
14.0,da898b76-e02c-4f73-82d3-7101de381409,18.03835616438355,50.84163292377876,75.67582860698134
14.0,3adcec11-17b2-4548-a8c5-54ef36b05bb8,2.038356164383563,11.711009412851197,90.10125120235908
14.0,86555c99-353c-4e91-967d-495bc646bfc3,6.038356164383563,28.491890461348593,1.5285589943011866
14.0,1c3aeb92-3669-487e-8330-2953ed0447b5,17.03835616438355,55.11639579333466,41.247300478213624
14.0,3b2fd671-370f-41c5-84eb-765d8c900e19,7.038356164383563,54.81163094033277,21.635201446421586
15.0,509333fc-2f86-45f5-b4b9-23fa608dc2ae,21.041095890410947,73.54999969617828,95.84065345442475
15.0,96dd9d4d-bbba-40a4-8e8c-871b12f3fab0,13.041095890410947,53.983277027195065,87.45972770175953
15.0,d1d3229f-4248-4824-94dc-8e68eefab77b,33.041095890411,27.72853195022209,78.14183681473722
15.0,9b80ca75-5126-4c84-b5f7-7debf16f1b7a,39.041095890411,62.39687763399794,21.85555604657695
15.0,5130c1a4-3f17-41fd-a402-d4955bd9e799,25.041095890410947,21.593056165015007,51.531727103926094
15.0,da898b76-e02c-4f73-82d3-7101de381409,18.041095890410947,51.09468146569196,76.90213851948612
15.0,3adcec11-17b2-4548-a8c5-54ef36b05bb8,2.0410958904109604,10.903356933141453,91.51589730342569
15.0,86555c99-353c-4e91-967d-495bc646bfc3,6.04109589041096,28.306950405654707,2.7199081887319814
15.0,1c3aeb92-3669-487e-8330-2953ed0447b5,17.041095890410947,56.126191468629514,40.42282539787994
15.0,3b2fd671-370f-41c5-84eb-765d8c900e19,7.04109589041096,53.42309063460185,21.885309865892953
16.0,509333fc-2f86-45f5-b4b9-23fa608dc2ae,21.043835616438344,74.74764781083613,94.9985657798828
16.0,96dd9d4d-bbba-40a4-8e8c-871b12f3fab0,13.043835616438344,53.05449192263918,88.69438844709984
16.0,d1d3229f-4248-4824-94dc-8e68eefab77b,33.0438356164384,26.89428803462137,76.77987681623193
16.0,9b80ca75-5126-4c84-b5f7-7debf16f1b7a,39.0438356164384,63.53974462643875,20.797138437484318
16.0,5130c1a4-3f17-41fd-a402-d4955bd9e799,25.043835616438344,20.45770462931159,51.580860736789774
16.0,da898b76-e02c-4f73-82d3-7101de381409,18.043835616438344,51.94241649201238,77.82366708183315
16.0,3adcec11-17b2-4548-a8c5-54ef36b05bb8,2.0438356164383578,10.998578609800136,89.88971805391519
16.0,86555c99-353c-4e91-967d-495bc646bfc3,6.043835616438358,29.51091263725881,2.656736421764164
16.0,1c3aeb92-3669-487e-8330-2953ed0447b5,17.043835616438344,57.3488300790181,40.875154141519445
16.0,3b2fd671-370f-41c5-84eb-765d8c900e19,7.043835616438358,52.816212093103346,20.611615696165217
17.0,509333fc-2f86-45f5-b4b9-23fa608dc2ae,21.04657534246574,75.81869309295045,95.99673142836988
17.0,96dd9d4d-bbba-40a4-8e8c-871b12f3fab0,13.04657534246574,54.43711165147468,89.38387493135025
17.0,d1d3229f-4248-4824-94dc-8e68eefab77b,33.0465753424658,28.300228879722784,76.02209829428713
17.0,9b80ca75-5126-4c84-b5f7-7debf16f1b7a,39.0465753424658,65.05805312241682,21.14517882118836
17.0,5130c1a4-3f17-41fd-a402-d4955bd9e799,25.04657534246574,19.387628313145978,51.19827231422066
17.0,da898b76-e02c-4f73-82d3-7101de381409,18.04657534246574,53.18603537262654,77.9695493831991
17.0,3adcec11-17b2-4548-a8c5-54ef36b05bb8,2.046575342465755,12.573999291803831,90.30393513946242
17.0,86555c99-353c-4e91-967d-495bc646bfc3,6.046575342465755,30.460213943436482,3.39993407875746
17.0,1c3aeb92-3669-487e-8330-2953ed0447b5,17.04657534246574,58.45882533458301,40.191519007431964
17.0,3b2fd671-370f-41c5-84eb-765d8c900e19,7.046575342465755,52.096566840527714,21.825167966393053
18.0,509333fc-2f86-45f5-b4b9-23fa608dc2ae,21.049315068493136,75.00001909586442,97.2105046957696
18.0,96dd9d4d-bbba-40a4-8e8c-871b12f3fab0,13.049315068493136,53.19411893316341,88.46627042571924
18.0,d1d3229f-4248-4824-94dc-8e68eefab77b,33.0493150684932,27.43808309393758,77.36656941420684
18.0,9b80ca75-5126-4c84-b5f7-7debf16f1b7a,39.0493150684932,65.31405468450676,19.608671093301652
18.0,5130c1a4-3f17-41fd-a402-d4955bd9e799,25.049315068493136,20.47274504823323,51.53585029741281
18.0,da898b76-e02c-4f73-82d3-7101de381409,18.049315068493136,52.39256937822297,77.00090017848305
18.0,3adcec11-17b2-4548-a8c5-54ef36b05bb8,2.0493150684931525,14.10469412219448,89.74671035945028
18.0,86555c99-353c-4e91-967d-495bc646bfc3,6.0493150684931525,29.401055127325332,3.9758666525236848
18.0,1c3aeb92-3669-487e-8330-2953ed0447b5,17.049315068493136,57.15519714719578,40.19163295879485
18.0,3b2fd671-370f-41c5-84eb-765d8c900e19,7.0493150684931525,51.64556749593089,20.4883067195529
19.0,509333fc-2f86-45f5-b4b9-23fa608dc2ae,21.052054794520533,74.38158196937049,98.53753452916933
19.0,96dd9d4d-bbba-40a4-8e8c-871b12f3fab0,13.052054794520533,53.41922211464516,86.93775562886056
19.0,d1d3229f-4248-4824-94dc-8e68eefab77b,33.0520547945206,28.105599993419133,78.81754120481885
19.0,9b80ca75-5126-4c84-b5f7-7debf16f1b7a,39.0520547945206,66.55251104618117,20.55345606242226
19.0,5130c1a4-3f17-41fd-a402-d4955bd9e799,25.052054794520533,21.58634371885636,51.76242307664475
19.0,da898b76-e02c-4f73-82d3-7101de381409,18.052054794520533,53.407350521424846,76.2673548169179
19.0,3adcec11-17b2-4548-a8c5-54ef36b05bb8,2.05205479452055,13.418787935388803,91.2242281502555
19.0,86555c99-353c-4e91-967d-495bc646bfc3,6.05205479452055,28.575237008426164,3.0974930635714677
19.0,1c3aeb92-3669-487e-8330-2953ed0447b5,17.052054794520533,57.537632358489205,41.43790330390396
19.0,3b2fd671-370f-41c5-84eb-765d8c900e19,7.05205479452055,50.98594008237928,21.735499598549964
20.0,509333fc-2f86-45f5-b4b9-23fa608dc2ae,21.05479452054793,72.96693073613262,98.91467448523021
20.0,96dd9d4d-bbba-40a4-8e8c-871b12f3fab0,13.05479452054793,51.87723868739266,87.03427524659598
20.0,d1d3229f-4248-4824-94dc-8e68eefab77b,33.054794520548,29.20059871329536,79.98024312350427
20.0,9b80ca75-5126-4c84-b5f7-7debf16f1b7a,39.054794520548,68.06669669076014,20.919016770648696
20.0,5130c1a4-3f17-41fd-a402-d4955bd9e799,25.05479452054793,20.52747187128066,52.17500959352832
20.0,da898b76-e02c-4f73-82d3-7101de381409,18.05479452054793,52.8699651929416,75.13638771978253
20.0,3adcec11-17b2-4548-a8c5-54ef36b05bb8,2.054794520547947,12.45073215809925,89.91411589121029
20.0,86555c99-353c-4e91-967d-495bc646bfc3,6.054794520547947,28.968414357321215,4.237197981340458
20.0,1c3aeb92-3669-487e-8330-2953ed0447b5,17.05479452054793,56.90949845578538,42.58022298954782
20.0,3b2fd671-370f-41c5-84eb-765d8c900e19,7.054794520547947,50.500882382064184,20.410615667975364
21.0,509333fc-2f86-45f5-b4b9-23fa608dc2ae,21.057534246575326,73.78204144155553,100.0
21.0,96dd9d4d-bbba-40a4-8e8c-871b12f3fab0,13.057534246575326,51.547115984029894,88.54359559935533
21.0,d1d3229f-4248-4824-94dc-8e68eefab77b,33.0575342465754,28.898251997700992,78.41196878149181
21.0,9b80ca75-5126-4c84-b5f7-7debf16f1b7a,39.0575342465754,69.57958009477196,21.289929972777824
21.0,5130c1a4-3f17-41fd-a402-d4955bd9e799,25.057534246575326,20.259897726497627,53.27947385304337
21.0,da898b76-e02c-4f73-82d3-7101de381409,18.057534246575326,54.05723295644893,75.53421283689828
21.0,3adcec11-17b2-4548-a8c5-54ef36b05bb8,2.0575342465753446,12.184062741026215,88.30712692384238
21.0,86555c99-353c-4e91-967d-495bc646bfc3,6.057534246575345,29.694468323197448,5.199674664645751
21.0,1c3aeb92-3669-487e-8330-2953ed0447b5,17.057534246575326,57.00677734400857,43.88021655947095
21.0,3b2fd671-370f-41c5-84eb-765d8c900e19,7.057534246575345,50.07038547653904,21.754219335900938
22.0,509333fc-2f86-45f5-b4b9-23fa608dc2ae,21.060273972602722,74.85499930569966,99.00389052813946
22.0,96dd9d4d-bbba-40a4-8e8c-871b12f3fab0,13.060273972602722,52.28196395429785,87.18454174202581
22.0,d1d3229f-4248-4824-94dc-8e68eefab77b,33.0602739726028,30.272203418953,79.22631234552661
22.0,9b80ca75-5126-4c84-b5f7-7debf16f1b7a,39.0602739726028,69.06407541184473,19.8200157849668
22.0,5130c1a4-3f17-41fd-a402-d4955bd9e799,25.060273972602722,19.140076899576115,53.472964263904764
22.0,da898b76-e02c-4f73-82d3-7101de381409,18.060273972602722,53.01146070695748,76.2228564081784
22.0,3adcec11-17b2-4548-a8c5-54ef36b05bb8,2.060273972602742,13.55729735300437,89.18334197718798
22.0,86555c99-353c-4e91-967d-495bc646bfc3,6.060273972602742,28.562579307285475,4.784532540875123
22.0,1c3aeb92-3669-487e-8330-2953ed0447b5,17.060273972602722,58.12811391184369,43.215347575707106
22.0,3b2fd671-370f-41c5-84eb-765d8c900e19,7.060273972602742,48.66293663618796,21.852637646820057
23.0,509333fc-2f86-45f5-b4b9-23fa608dc2ae,21.06301369863012,76.06187801836677,98.17508631056452
23.0,96dd9d4d-bbba-40a4-8e8c-871b12f3fab0,13.063013698630119,50.73969652277808,87.2764117382301
23.0,d1d3229f-4248-4824-94dc-8e68eefab77b,33.0630136986302,31.76823374876613,79.78558973692067
23.0,9b80ca75-5126-4c84-b5f7-7debf16f1b7a,39.0630136986302,70.32899492485386,20.729065521371144
23.0,5130c1a4-3f17-41fd-a402-d4955bd9e799,25.06301369863012,18.34286217276309,54.28283209439004
23.0,da898b76-e02c-4f73-82d3-7101de381409,18.06301369863012,52.72299594271461,75.00439112518418
23.0,3adcec11-17b2-4548-a8c5-54ef36b05bb8,2.0630136986301393,14.517942191145783,87.8677859676633
23.0,86555c99-353c-4e91-967d-495bc646bfc3,6.063013698630139,29.02120057286759,5.899513375700019
23.0,1c3aeb92-3669-487e-8330-2953ed0447b5,17.06301369863012,58.90714074608884,42.17008987759558
23.0,3b2fd671-370f-41c5-84eb-765d8c900e19,7.063013698630139,49.89741026991557,21.1695027774413
24.0,509333fc-2f86-45f5-b4b9-23fa608dc2ae,21.065753424657515,77.27275325718954,98.99804063138976
24.0,96dd9d4d-bbba-40a4-8e8c-871b12f3fab0,13.065753424657515,49.711698026152725,86.12304795456721
24.0,d1d3229f-4248-4824-94dc-8e68eefab77b,33.0657534246576,33.34052654169285,80.06629121813515
24.0,9b80ca75-5126-4c84-b5f7-7debf16f1b7a,39.0657534246576,68.86459044593018,20.198111361620683
24.0,5130c1a4-3f17-41fd-a402-d4955bd9e799,25.065753424657515,17.77937866183053,53.29595644041452
24.0,da898b76-e02c-4f73-82d3-7101de381409,18.065753424657515,51.826743118921954,75.87880546742448
24.0,3adcec11-17b2-4548-a8c5-54ef36b05bb8,2.0657534246575366,16.127316724839503,88.11965841463272
24.0,86555c99-353c-4e91-967d-495bc646bfc3,6.065753424657537,28.229924260651426,6.809127318533214
24.0,1c3aeb92-3669-487e-8330-2953ed0447b5,17.065753424657515,57.70218485677281,41.672568251193226
24.0,3b2fd671-370f-41c5-84eb-765d8c900e19,7.065753424657537,50.67380119297574,22.347558606644462
25.0,509333fc-2f86-45f5-b4b9-23fa608dc2ae,21.068493150684912,75.81682990165406,98.84389835631465
25.0,96dd9d4d-bbba-40a4-8e8c-871b12f3fab0,13.068493150684912,48.58061111407501,87.17550760883225
25.0,d1d3229f-4248-4824-94dc-8e68eefab77b,33.068493150685,33.04334790535448,81.63555308485765
25.0,9b80ca75-5126-4c84-b5f7-7debf16f1b7a,39.068493150685,67.40126728323717,19.664184288721952
25.0,5130c1a4-3f17-41fd-a402-d4955bd9e799,25.068493150684912,18.019011714586174,54.40681791851586
25.0,da898b76-e02c-4f73-82d3-7101de381409,18.068493150684912,50.83697256533604,75.11184796056632
25.0,3adcec11-17b2-4548-a8c5-54ef36b05bb8,2.068493150684934,14.721240151955863,88.94213929005296
25.0,86555c99-353c-4e91-967d-495bc646bfc3,6.068493150684934,28.704096251274134,5.7006704404455455
25.0,1c3aeb92-3669-487e-8330-2953ed0447b5,17.068493150684912,56.52270701918397,41.11733992467144
25.0,3b2fd671-370f-41c5-84eb-765d8c900e19,7.068493150684934,49.9825180010736,23.577487852871
26.0,509333fc-2f86-45f5-b4b9-23fa608dc2ae,21.07123287671231,74.90425988043827,97.69904525895359
26.0,96dd9d4d-bbba-40a4-8e8c-871b12f3fab0,13.071232876712308,47.04585766284107,87.35316112119456
26.0,d1d3229f-4248-4824-94dc-8e68eefab77b,33.0712328767124,34.501602761059445,82.28700586446506
26.0,9b80ca75-5126-4c84-b5f7-7debf16f1b7a,39.0712328767124,67.23640561382452,21.213123741252787
26.0,5130c1a4-3f17-41fd-a402-d4955bd9e799,25.07123287671231,17.048743380620987,53.81519592466598
26.0,da898b76-e02c-4f73-82d3-7101de381409,18.07123287671231,50.293801331700536,73.98364825438716
26.0,3adcec11-17b2-4548-a8c5-54ef36b05bb8,2.0712328767123314,13.59791168503573,90.1218253816261
26.0,86555c99-353c-4e91-967d-495bc646bfc3,6.071232876712331,29.90287223763852,5.572405629265468
26.0,1c3aeb92-3669-487e-8330-2953ed0447b5,17.07123287671231,56.35182668710172,42.4097200452408
26.0,3b2fd671-370f-41c5-84eb-765d8c900e19,7.071232876712331,49.2717833822792,24.79628016650649
27.0,509333fc-2f86-45f5-b4b9-23fa608dc2ae,21.073972602739705,73.4827681526483,97.34856854648369
27.0,96dd9d4d-bbba-40a4-8e8c-871b12f3fab0,13.073972602739705,47.67403888139471,85.94163099994825
27.0,d1d3229f-4248-4824-94dc-8e68eefab77b,33.0739726027398,34.33527163980004,83.87547427974624
27.0,9b80ca75-5126-4c84-b5f7-7debf16f1b7a,39.0739726027398,65.72214856083028,20.847858939902757
27.0,5130c1a4-3f17-41fd-a402-d4955bd9e799,25.073972602739705,16.46528366896003,54.79039436004772
27.0,da898b76-e02c-4f73-82d3-7101de381409,18.073972602739705,49.370025630617285,73.13836249196122
27.0,3adcec11-17b2-4548-a8c5-54ef36b05bb8,2.0739726027397287,12.583274642061314,88.84744796882077
27.0,86555c99-353c-4e91-967d-495bc646bfc3,6.073972602739729,31.085693857286213,5.339063084141424
27.0,1c3aeb92-3669-487e-8330-2953ed0447b5,17.073972602739705,56.67114635170598,41.14580493110835
27.0,3b2fd671-370f-41c5-84eb-765d8c900e19,7.073972602739729,49.033090648926574,23.40573200798251
28.0,509333fc-2f86-45f5-b4b9-23fa608dc2ae,21.0767123287671,73.7231788422605,98.79275529288431
28.0,96dd9d4d-bbba-40a4-8e8c-871b12f3fab0,13.076712328767101,48.767403599472274,87.03322731717927
28.0,d1d3229f-4248-4824-94dc-8e68eefab77b,33.0767123287672,35.424104268361766,82.70699601498275
28.0,9b80ca75-5126-4c84-b5f7-7debf16f1b7a,39.0767123287672,66.75308152641074,19.680138931455726
28.0,5130c1a4-3f17-41fd-a402-d4955bd9e799,25.0767123287671,15.997098777381787,53.7549040748203
28.0,da898b76-e02c-4f73-82d3-7101de381409,18.0767123287671,48.914600817823214,71.97197584682019
28.0,3adcec11-17b2-4548-a8c5-54ef36b05bb8,2.076712328767126,12.196662369945043,90.42986923709712
28.0,86555c99-353c-4e91-967d-495bc646bfc3,6.076712328767126,30.878247367677698,6.526700099908474
28.0,1c3aeb92-3669-487e-8330-2953ed0447b5,17.0767123287671,55.51651185854571,41.751003783668374
28.0,3b2fd671-370f-41c5-84eb-765d8c900e19,7.076712328767126,50.4425260124247,23.46968791662811
29.0,509333fc-2f86-45f5-b4b9-23fa608dc2ae,21.079452054794498,74.68502369395294,99.89653386643597
29.0,96dd9d4d-bbba-40a4-8e8c-871b12f3fab0,13.079452054794498,49.90868843008433,88.07461958810505
29.0,d1d3229f-4248-4824-94dc-8e68eefab77b,33.0794520547946,36.58543099867025,83.80345311570139
29.0,9b80ca75-5126-4c84-b5f7-7debf16f1b7a,39.0794520547946,68.2224783996857,20.19711632598845
29.0,5130c1a4-3f17-41fd-a402-d4955bd9e799,25.079452054794498,14.88597279812424,53.99330768578592
29.0,da898b76-e02c-4f73-82d3-7101de381409,18.079452054794498,50.12209152369293,71.64056105941609
29.0,3adcec11-17b2-4548-a8c5-54ef36b05bb8,2.0794520547945234,10.579487047846017,90.2342417931171
29.0,86555c99-353c-4e91-967d-495bc646bfc3,6.079452054794523,30.739516978162648,7.724310055735481
29.0,1c3aeb92-3669-487e-8330-2953ed0447b5,17.079452054794498,56.63393778616126,42.42242448652758
29.0,3b2fd671-370f-41c5-84eb-765d8c900e19,7.079452054794523,51.83449856004613,23.699928722737926
30.0,509333fc-2f86-45f5-b4b9-23fa608dc2ae,21.082191780821894,74.95508810641152,100.0
30.0,96dd9d4d-bbba-40a4-8e8c-871b12f3fab0,13.082191780821894,48.363754860426134,88.08908305492068
30.0,d1d3229f-4248-4824-94dc-8e68eefab77b,33.082191780822,35.44918211360749,82.68102876660744
30.0,9b80ca75-5126-4c84-b5f7-7debf16f1b7a,39.082191780822,67.9409125587683,21.729145527693344
30.0,5130c1a4-3f17-41fd-a402-d4955bd9e799,25.082191780821894,13.75144595662356,54.058775765160384
30.0,da898b76-e02c-4f73-82d3-7101de381409,18.082191780821894,48.90713546995796,71.94346591834804
30.0,3adcec11-17b2-4548-a8c5-54ef36b05bb8,2.082191780821921,9.34799253955285,91.30051914694585
30.0,86555c99-353c-4e91-967d-495bc646bfc3,6.082191780821921,31.913010328459208,7.447851950264292
30.0,1c3aeb92-3669-487e-8330-2953ed0447b5,17.082191780821894,55.341355786542096,42.25307798318032
30.0,3b2fd671-370f-41c5-84eb-765d8c900e19,7.082191780821921,53.224115697913554,23.455874195480362
31.0,509333fc-2f86-45f5-b4b9-23fa608dc2ae,21.08493150684929,74.25122084819323,98.71623851866194
31.0,96dd9d4d-bbba-40a4-8e8c-871b12f3fab0,13.08493150684929,46.86655232221292,87.70775185229354
31.0,d1d3229f-4248-4824-94dc-8e68eefab77b,33.0849315068494,36.50302249102709,81.4808961042882
31.0,9b80ca75-5126-4c84-b5f7-7debf16f1b7a,39.0849315068494,66.71415911334924,20.76921387293843
31.0,5130c1a4-3f17-41fd-a402-d4955bd9e799,25.08493150684929,13.158787028836866,53.08914046319515
31.0,da898b76-e02c-4f73-82d3-7101de381409,18.08493150684929,48.16837545981039,72.95445712181058
31.0,3adcec11-17b2-4548-a8c5-54ef36b05bb8,2.084931506849318,8.675724948282664,89.81674611680545
31.0,86555c99-353c-4e91-967d-495bc646bfc3,6.084931506849318,32.91457903266772,6.776751467459336
31.0,1c3aeb92-3669-487e-8330-2953ed0447b5,17.08493150684929,54.63064412582329,43.34593451505161
31.0,3b2fd671-370f-41c5-84eb-765d8c900e19,7.084931506849318,53.72662460506685,24.774238030072837
32.0,509333fc-2f86-45f5-b4b9-23fa608dc2ae,21.087671232876687,75.56929236018891,99.35354546780373
32.0,96dd9d4d-bbba-40a4-8e8c-871b12f3fab0,13.087671232876687,48.209244731608464,86.94341814226844
32.0,d1d3229f-4248-4824-94dc-8e68eefab77b,33.0876712328768,37.36954134193535,82.82255292675286
32.0,9b80ca75-5126-4c84-b5f7-7debf16f1b7a,39.0876712328768,68.25924992832938,20.5715091155044
32.0,5130c1a4-3f17-41fd-a402-d4955bd9e799,25.087671232876687,12.22507196796824,53.73691620263712
32.0,da898b76-e02c-4f73-82d3-7101de381409,18.087671232876687,48.64496881542494,71.79655887953886
32.0,3adcec11-17b2-4548-a8c5-54ef36b05bb8,2.0876712328767155,10.062529796107636,88.9621711152442
32.0,86555c99-353c-4e91-967d-495bc646bfc3,6.0876712328767155,32.76249156475948,5.58076437330814
32.0,1c3aeb92-3669-487e-8330-2953ed0447b5,17.087671232876687,53.72557623429741,44.2841767948836
32.0,3b2fd671-370f-41c5-84eb-765d8c900e19,7.0876712328767155,52.72781609912625,23.777754226596596
33.0,509333fc-2f86-45f5-b4b9-23fa608dc2ae,21.090410958904084,76.79932693431357,98.55951297185851
33.0,96dd9d4d-bbba-40a4-8e8c-871b12f3fab0,13.090410958904084,47.97065316148936,85.41695065516062
33.0,d1d3229f-4248-4824-94dc-8e68eefab77b,33.0904109589042,38.623750158157904,81.83368580041336
33.0,9b80ca75-5126-4c84-b5f7-7debf16f1b7a,39.0904109589042,67.45163178776374,21.9034797370563
33.0,5130c1a4-3f17-41fd-a402-d4955bd9e799,25.090410958904084,12.932063351079275,52.84719691673328
33.0,da898b76-e02c-4f73-82d3-7101de381409,18.090410958904084,49.397859461076536,72.79707136909718
33.0,3adcec11-17b2-4548-a8c5-54ef36b05bb8,2.090410958904113,10.462630956831108,87.38310646158624
33.0,86555c99-353c-4e91-967d-495bc646bfc3,6.090410958904113,32.643553888242856,6.780501659707037
33.0,1c3aeb92-3669-487e-8330-2953ed0447b5,17.090410958904084,54.0495431288995,43.021444869597275
33.0,3b2fd671-370f-41c5-84eb-765d8c900e19,7.090410958904113,52.78366501240504,25.18753410339132
34.0,509333fc-2f86-45f5-b4b9-23fa608dc2ae,21.09315068493148,78.09318719420854,99.2446394463313
34.0,96dd9d4d-bbba-40a4-8e8c-871b12f3fab0,13.09315068493148,49.04795001341054,84.30949392039855
34.0,d1d3229f-4248-4824-94dc-8e68eefab77b,33.0931506849316,39.49263514028729,80.49356012120438
34.0,9b80ca75-5126-4c84-b5f7-7debf16f1b7a,39.0931506849316,66.82781693313079,23.33080164356069
34.0,5130c1a4-3f17-41fd-a402-d4955bd9e799,25.09315068493148,11.985321843385778,52.21861299941378
34.0,da898b76-e02c-4f73-82d3-7101de381409,18.09315068493148,48.73750113091632,71.7332121482132
34.0,3adcec11-17b2-4548-a8c5-54ef36b05bb8,2.0931506849315102,8.83509393747486,87.31492017360091
34.0,86555c99-353c-4e91-967d-495bc646bfc3,6.09315068493151,31.92981047249106,5.808860746744888
34.0,1c3aeb92-3669-487e-8330-2953ed0447b5,17.09315068493148,52.951492365613475,43.724104805257774
34.0,3b2fd671-370f-41c5-84eb-765d8c900e19,7.09315068493151,54.01815912013145,25.870631973479156
35.0,509333fc-2f86-45f5-b4b9-23fa608dc2ae,21.095890410958877,78.92693085650981,98.0411677334392
35.0,96dd9d4d-bbba-40a4-8e8c-871b12f3fab0,13.095890410958877,47.53457177279171,83.99850320132386
35.0,d1d3229f-4248-4824-94dc-8e68eefab77b,33.095890410959,40.96137492665267,79.86610383731465
35.0,9b80ca75-5126-4c84-b5f7-7debf16f1b7a,39.095890410959,66.88109143240064,21.774024644316547
35.0,5130c1a4-3f17-41fd-a402-d4955bd9e799,25.095890410958877,10.86695170946687,52.42031938766337
35.0,da898b76-e02c-4f73-82d3-7101de381409,18.095890410958877,47.48825973144391,71.64797429326563
35.0,3adcec11-17b2-4548-a8c5-54ef36b05bb8,2.0958904109589076,8.9023138863247,85.68734295647084
35.0,86555c99-353c-4e91-967d-495bc646bfc3,6.095890410958908,32.195419086637216,6.984857256672669
35.0,1c3aeb92-3669-487e-8330-2953ed0447b5,17.095890410958877,53.39438657055958,42.49801704854516
35.0,3b2fd671-370f-41c5-84eb-765d8c900e19,7.095890410958908,55.22612757566633,25.14165281564098
36.0,509333fc-2f86-45f5-b4b9-23fa608dc2ae,21.098630136986273,77.5117945934062,97.66585184647442
36.0,96dd9d4d-bbba-40a4-8e8c-871b12f3fab0,13.098630136986273,48.26924731319543,82.63935612434446
36.0,d1d3229f-4248-4824-94dc-8e68eefab77b,33.0986301369864,41.98433061121136,78.6395396866587
36.0,9b80ca75-5126-4c84-b5f7-7debf16f1b7a,39.0986301369864,66.74592335521876,23.325837258184283
36.0,5130c1a4-3f17-41fd-a402-d4955bd9e799,25.098630136986273,11.284879109969548,53.477094629335674
36.0,da898b76-e02c-4f73-82d3-7101de381409,18.098630136986273,48.461093344682055,70.85964420565901
36.0,3adcec11-17b2-4548-a8c5-54ef36b05bb8,2.098630136986305,10.51424518937522,85.92229740629058
36.0,86555c99-353c-4e91-967d-495bc646bfc3,6.098630136986305,33.39267816568008,7.126583841759543
36.0,1c3aeb92-3669-487e-8330-2953ed0447b5,17.098630136986273,52.0916165464862,42.54531111065933
36.0,3b2fd671-370f-41c5-84eb-765d8c900e19,7.098630136986305,54.13026586741226,24.253010301177344
37.0,509333fc-2f86-45f5-b4b9-23fa608dc2ae,21.10136986301367,76.79785613528877,98.94403983584841
37.0,96dd9d4d-bbba-40a4-8e8c-871b12f3fab0,13.10136986301367,47.622214429626176,84.04234485348992
37.0,d1d3229f-4248-4824-94dc-8e68eefab77b,33.1013698630138,40.94189344503859,79.84959038924391
37.0,9b80ca75-5126-4c84-b5f7-7debf16f1b7a,39.1013698630138,65.3865459473798,22.565254678377798
37.0,5130c1a4-3f17-41fd-a402-d4955bd9e799,25.10136986301367,11.858663120033306,52.496172036417335
37.0,da898b76-e02c-4f73-82d3-7101de381409,18.10136986301367,48.458401881709975,72.11178729736176
37.0,3adcec11-17b2-4548-a8c5-54ef36b05bb8,2.1013698630137023,8.89972484328084,85.70584840238544
37.0,86555c99-353c-4e91-967d-495bc646bfc3,6.101369863013702,33.98095825094691,6.074233012164484
37.0,1c3aeb92-3669-487e-8330-2953ed0447b5,17.10136986301367,50.994457774060045,43.249363020694204
37.0,3b2fd671-370f-41c5-84eb-765d8c900e19,7.101369863013702,54.82829891709626,25.479121333538863
38.0,509333fc-2f86-45f5-b4b9-23fa608dc2ae,21.104109589041066,76.564209824313,97.49874330588426
38.0,96dd9d4d-bbba-40a4-8e8c-871b12f3fab0,13.104109589041066,46.15552307598624,83.55670568735214
38.0,d1d3229f-4248-4824-94dc-8e68eefab77b,33.1041095890412,42.48184580663981,80.27319949236156
38.0,9b80ca75-5126-4c84-b5f7-7debf16f1b7a,39.1041095890412,65.74343421151497,24.08150781178615
38.0,5130c1a4-3f17-41fd-a402-d4955bd9e799,25.104109589041066,10.974114012379895,53.20962147376524
38.0,da898b76-e02c-4f73-82d3-7101de381409,18.104109589041066,48.62205596580662,73.35319251195945
38.0,3adcec11-17b2-4548-a8c5-54ef36b05bb8,2.1041095890410997,7.516780221628745,86.56665633258113
38.0,86555c99-353c-4e91-967d-495bc646bfc3,6.1041095890411,33.5076155675334,7.183044281646291
38.0,1c3aeb92-3669-487e-8330-2953ed0447b5,17.104109589041066,49.8203116176307,42.68294685983929
38.0,3b2fd671-370f-41c5-84eb-765d8c900e19,7.1041095890411,56.14138625756599,24.962981780290015
39.0,509333fc-2f86-45f5-b4b9-23fa608dc2ae,21.106849315068462,76.68030659374081,98.95819327018158
39.0,96dd9d4d-bbba-40a4-8e8c-871b12f3fab0,13.106849315068462,47.66965980390399,83.24942910884398
39.0,d1d3229f-4248-4824-94dc-8e68eefab77b,33.1068493150686,43.57762700249776,81.43516400087695
39.0,9b80ca75-5126-4c84-b5f7-7debf16f1b7a,39.1068493150686,65.60212728403484,22.530242151141856
39.0,5130c1a4-3f17-41fd-a402-d4955bd9e799,25.106849315068462,10.63405014588298,52.12528121803106
39.0,da898b76-e02c-4f73-82d3-7101de381409,18.106849315068462,48.16232445278125,72.18849662804672
39.0,3adcec11-17b2-4548-a8c5-54ef36b05bb8,2.106849315068497,7.31559568348474,84.95016293610342
39.0,86555c99-353c-4e91-967d-495bc646bfc3,6.106849315068497,32.351061992259716,6.842604044904773
39.0,1c3aeb92-3669-487e-8330-2953ed0447b5,17.106849315068462,49.1108373421116,43.77660709789866
39.0,3b2fd671-370f-41c5-84eb-765d8c900e19,7.106849315068497,55.547384543945476,23.683231661577118
40.0,509333fc-2f86-45f5-b4b9-23fa608dc2ae,21.10958904109586,77.14529455096977,100.0
40.0,96dd9d4d-bbba-40a4-8e8c-871b12f3fab0,13.109589041095859,47.504272637749246,81.71330541206679
40.0,d1d3229f-4248-4824-94dc-8e68eefab77b,33.109589041096,45.11455718839669,81.00071774192423
40.0,9b80ca75-5126-4c84-b5f7-7debf16f1b7a,39.109589041096,65.74336550721787,24.081514068621235
40.0,5130c1a4-3f17-41fd-a402-d4955bd9e799,25.10958904109586,11.385006622632046,51.27234417842549
40.0,da898b76-e02c-4f73-82d3-7101de381409,18.10958904109586,47.88423082523026,73.40937070033566
40.0,3adcec11-17b2-4548-a8c5-54ef36b05bb8,2.1095890410958944,8.840301574873315,84.37675377676848
40.0,86555c99-353c-4e91-967d-495bc646bfc3,6.109589041095894,32.571182640674756,8.027957421502784
40.0,1c3aeb92-3669-487e-8330-2953ed0447b5,17.10958904109586,50.349734761601276,44.182291270522214
40.0,3b2fd671-370f-41c5-84eb-765d8c900e19,7.109589041095894,56.820624664659384,23.07540109543701
41.0,509333fc-2f86-45f5-b4b9-23fa608dc2ae,21.112328767123255,76.99537443654742,100.0
41.0,96dd9d4d-bbba-40a4-8e8c-871b12f3fab0,13.112328767123255,48.895899422522554,82.38442672630936
41.0,d1d3229f-4248-4824-94dc-8e68eefab77b,33.1123287671234,46.70133325448613,80.81894958098555
41.0,9b80ca75-5126-4c84-b5f7-7debf16f1b7a,39.1123287671234,67.05340068650688,24.924248087557984
41.0,5130c1a4-3f17-41fd-a402-d4955bd9e799,25.112328767123255,10.718619565989377,50.351819591984906
41.0,da898b76-e02c-4f73-82d3-7101de381409,18.112328767123255,48.44661671359888,72.2906251177139
41.0,3adcec11-17b2-4548-a8c5-54ef36b05bb8,2.1123287671232918,8.80774572774956,82.74811439493396
41.0,86555c99-353c-4e91-967d-495bc646bfc3,6.112328767123292,32.92760617233948,6.876229157828314
41.0,1c3aeb92-3669-487e-8330-2953ed0447b5,17.112328767123255,49.34249515349646,43.35469545383373
41.0,3b2fd671-370f-41c5-84eb-765d8c900e19,7.112328767123292,55.507962975628814,22.558179970306586
42.0,509333fc-2f86-45f5-b4b9-23fa608dc2ae,21.115068493150652,76.84272397198356,98.54391947550026
42.0,96dd9d4d-bbba-40a4-8e8c-871b12f3fab0,13.115068493150652,48.46274573523251,80.90138700677512
42.0,d1d3229f-4248-4824-94dc-8e68eefab77b,33.1150684931508,45.60025641634746,79.662001982881
42.0,9b80ca75-5126-4c84-b5f7-7debf16f1b7a,39.1150684931508,66.93845424486452,23.370806710098954
42.0,5130c1a4-3f17-41fd-a402-d4955bd9e799,25.115068493150652,9.642746854078593,49.985848102291754
42.0,da898b76-e02c-4f73-82d3-7101de381409,18.115068493150652,49.678837340206584,72.06813490796443
42.0,3adcec11-17b2-4548-a8c5-54ef36b05bb8,2.115068493150689,10.374268447091643,83.19480521533363
42.0,86555c99-353c-4e91-967d-495bc646bfc3,6.115068493150689,34.10817011929027,6.631720478164533
42.0,1c3aeb92-3669-487e-8330-2953ed0447b5,17.115068493150652,50.431250281240075,42.637716558923
42.0,3b2fd671-370f-41c5-84eb-765d8c900e19,7.115068493150689,56.21092874488054,23.781469604608336
43.0,509333fc-2f86-45f5-b4b9-23fa608dc2ae,21.11780821917805,75.55791734509481,99.24587715916913
43.0,96dd9d4d-bbba-40a4-8e8c-871b12f3fab0,13.117808219178048,46.97775304130514,80.47497684564912
43.0,d1d3229f-4248-4824-94dc-8e68eefab77b,33.1178082191782,44.20372019327315,78.8870280956521
43.0,9b80ca75-5126-4c84-b5f7-7debf16f1b7a,39.1178082191782,68.25709941033202,24.20000374653676
43.0,5130c1a4-3f17-41fd-a402-d4955bd9e799,25.11780821917805,8.543892822845933,49.69609468721917
43.0,da898b76-e02c-4f73-82d3-7101de381409,18.11780821917805,49.045714813470966,70.98784539481912
43.0,3adcec11-17b2-4548-a8c5-54ef36b05bb8,2.1178082191780865,11.010233719491437,81.6951138165633
43.0,86555c99-353c-4e91-967d-495bc646bfc3,6.1178082191780865,33.010818921370735,7.1310561124782925
43.0,1c3aeb92-3669-487e-8330-2953ed0447b5,17.11780821917805,50.93536157421816,43.83993046178197
43.0,3b2fd671-370f-41c5-84eb-765d8c900e19,7.1178082191780865,55.09004185835738,22.924608478316454
44.0,509333fc-2f86-45f5-b4b9-23fa608dc2ae,21.120547945205445,75.21029831670243,97.8236838990042
44.0,96dd9d4d-bbba-40a4-8e8c-871b12f3fab0,13.120547945205445,47.07905127602967,82.01665372300405
44.0,d1d3229f-4248-4824-94dc-8e68eefab77b,33.1205479452056,43.708378043587665,77.36862956331933
44.0,9b80ca75-5126-4c84-b5f7-7debf16f1b7a,39.1205479452056,68.86550424517584,25.633962028561278
44.0,5130c1a4-3f17-41fd-a402-d4955bd9e799,25.120547945205445,9.63683587523974,49.38478662801319
44.0,da898b76-e02c-4f73-82d3-7101de381409,18.120547945205445,50.10272801735732,70.31658340953933
44.0,3adcec11-17b2-4548-a8c5-54ef36b05bb8,2.120547945205484,12.258061781268683,80.64799813647564
44.0,86555c99-353c-4e91-967d-495bc646bfc3,6.120547945205484,33.736431921567934,8.093865284233415
44.0,1c3aeb92-3669-487e-8330-2953ed0447b5,17.120547945205445,51.313120993166656,42.59223487177168
44.0,3b2fd671-370f-41c5-84eb-765d8c900e19,7.120547945205484,53.67916180020485,22.920625560128087
45.0,509333fc-2f86-45f5-b4b9-23fa608dc2ae,21.12328767123284,74.79749678124736,99.2283431283139
45.0,96dd9d4d-bbba-40a4-8e8c-871b12f3fab0,13.123287671232841,47.32360252163668,83.54217776896374
45.0,d1d3229f-4248-4824-94dc-8e68eefab77b,33.123287671233,43.89189054178287,78.95520484084369
45.0,9b80ca75-5126-4c84-b5f7-7debf16f1b7a,39.123287671233,67.52542039623786,26.42804519515255
45.0,5130c1a4-3f17-41fd-a402-d4955bd9e799,25.12328767123284,9.003801095803931,48.44101536784092
45.0,da898b76-e02c-4f73-82d3-7101de381409,18.12328767123284,50.42547237669879,71.52642044178174
45.0,3adcec11-17b2-4548-a8c5-54ef36b05bb8,2.123287671232881,11.367480669110911,79.28403647942216
45.0,86555c99-353c-4e91-967d-495bc646bfc3,6.123287671232881,32.678527865243254,7.515631131936315
45.0,1c3aeb92-3669-487e-8330-2953ed0447b5,17.12328767123284,51.13476564953559,43.883604623366345
45.0,3b2fd671-370f-41c5-84eb-765d8c900e19,7.123287671232881,52.51699256201502,22.12064989553882
46.0,509333fc-2f86-45f5-b4b9-23fa608dc2ae,21.126027397260238,76.26128007784486,99.19986298152436
46.0,96dd9d4d-bbba-40a4-8e8c-871b12f3fab0,13.126027397260238,45.7814016009361,83.44919795008119
46.0,d1d3229f-4248-4824-94dc-8e68eefab77b,33.1260273972604,43.48248957321265,80.49899523956338
46.0,9b80ca75-5126-4c84-b5f7-7debf16f1b7a,39.1260273972604,67.24196417257633,24.896364625674828
46.0,5130c1a4-3f17-41fd-a402-d4955bd9e799,25.126027397260238,8.175905031405062,47.66253908043368
46.0,da898b76-e02c-4f73-82d3-7101de381409,18.126027397260238,49.64218779735813,72.50332106817062
46.0,3adcec11-17b2-4548-a8c5-54ef36b05bb8,2.1260273972602786,11.880163796170683,80.83021956381819
46.0,86555c99-353c-4e91-967d-495bc646bfc3,6.126027397260279,32.284559375282065,8.655062813165454
46.0,1c3aeb92-3669-487e-8330-2953ed0447b5,17.126027397260238,51.32281088236583,42.593610261229344
46.0,3b2fd671-370f-41c5-84eb-765d8c900e19,7.126027397260279,53.55611805208042,21.16628276595706
47.0,509333fc-2f86-45f5-b4b9-23fa608dc2ae,21.128767123287634,75.04075776740642,100.0
47.0,96dd9d4d-bbba-40a4-8e8c-871b12f3fab0,13.128767123287634,46.52093333090693,84.80570882246501
47.0,d1d3229f-4248-4824-94dc-8e68eefab77b,33.1287671232878,44.982642849644975,81.04711757577556
47.0,9b80ca75-5126-4c84-b5f7-7debf16f1b7a,39.1287671232878,68.59277359528473,25.672062183470562
47.0,5130c1a4-3f17-41fd-a402-d4955bd9e799,25.128767123287634,9.17318750582542,48.20739217046484
47.0,da898b76-e02c-4f73-82d3-7101de381409,18.128767123287634,48.599412275535386,71.81014809036554
47.0,3adcec11-17b2-4548-a8c5-54ef36b05bb8,2.128767123287676,10.283134417658408,80.50924716093448
47.0,86555c99-353c-4e91-967d-495bc646bfc3,6.128767123287676,31.158595608324276,9.086016781437223
47.0,1c3aeb92-3669-487e-8330-2953ed0447b5,17.128767123287634,52.20080094575067,41.62998174746851
47.0,3b2fd671-370f-41c5-84eb-765d8c900e19,7.128767123287676,52.26595895585532,20.595241691639803
48.0,509333fc-2f86-45f5-b4b9-23fa608dc2ae,21.13150684931503,73.58291775316412,100.0
48.0,96dd9d4d-bbba-40a4-8e8c-871b12f3fab0,13.13150684931503,45.96660749186482,83.36357436593904
48.0,d1d3229f-4248-4824-94dc-8e68eefab77b,33.1315068493152,43.865506353541015,82.18856577754289
48.0,9b80ca75-5126-4c84-b5f7-7debf16f1b7a,39.1315068493152,69.91690215243777,24.85164987141043
48.0,5130c1a4-3f17-41fd-a402-d4955bd9e799,25.13150684931503,9.532573105061187,49.28548271145129
48.0,da898b76-e02c-4f73-82d3-7101de381409,18.13150684931503,47.89875695909366,72.84791092146608
48.0,3adcec11-17b2-4548-a8c5-54ef36b05bb8,2.1315068493150733,9.124276191244697,79.36444423889178
48.0,86555c99-353c-4e91-967d-495bc646bfc3,6.131506849315073,31.738857421837263,10.142810022828169
48.0,1c3aeb92-3669-487e-8330-2953ed0447b5,17.13150684931503,51.85188399628276,42.886048396301064
48.0,3b2fd671-370f-41c5-84eb-765d8c900e19,7.131506849315073,52.58946569157817,21.968537651756094
49.0,509333fc-2f86-45f5-b4b9-23fa608dc2ae,21.134246575342427,72.24830875171205,100.0
49.0,96dd9d4d-bbba-40a4-8e8c-871b12f3fab0,13.134246575342427,46.35229766790404,81.86748880199693
49.0,d1d3229f-4248-4824-94dc-8e68eefab77b,33.1342465753426,45.04759667678434,81.11452647847612
49.0,9b80ca75-5126-4c84-b5f7-7debf16f1b7a,39.1342465753426,71.32000134486496,25.5281891931488
49.0,5130c1a4-3f17-41fd-a402-d4955bd9e799,25.134246575342427,9.351389901694159,50.407360543623824
49.0,da898b76-e02c-4f73-82d3-7101de381409,18.134246575342427,48.804713718196965,73.71226728125461
49.0,3adcec11-17b2-4548-a8c5-54ef36b05bb8,2.1342465753424706,8.998290237768492,80.98852972271673
49.0,86555c99-353c-4e91-967d-495bc646bfc3,6.134246575342471,32.70071266999566,9.415932998248966
49.0,1c3aeb92-3669-487e-8330-2953ed0447b5,17.134246575342427,50.55664405001701,43.03369644245451
49.0,3b2fd671-370f-41c5-84eb-765d8c900e19,7.134246575342471,51.52450732692999,22.893990018815394
50.0,509333fc-2f86-45f5-b4b9-23fa608dc2ae,21.136986301369824,71.50757413351532,98.73715207425282
50.0,96dd9d4d-bbba-40a4-8e8c-871b12f3fab0,13.136986301369824,44.93915788196353,82.49204053878194
50.0,d1d3229f-4248-4824-94dc-8e68eefab77b,33.13698630137,45.65844833250041,82.59024942095355
50.0,9b80ca75-5126-4c84-b5f7-7debf16f1b7a,39.13698630137,72.3041732396309,26.735582451039896
50.0,5130c1a4-3f17-41fd-a402-d4955bd9e799,25.136986301369824,8.214983211545599,50.41149068745739
50.0,da898b76-e02c-4f73-82d3-7101de381409,18.136986301369824,48.354821682269296,74.88079914735015
50.0,3adcec11-17b2-4548-a8c5-54ef36b05bb8,2.136986301369868,7.500864013715572,80.34724911115667
50.0,86555c99-353c-4e91-967d-495bc646bfc3,6.136986301369868,31.503687651591036,9.2722429408881
50.0,1c3aeb92-3669-487e-8330-2953ed0447b5,17.136986301369824,51.48343529266505,42.11690614119346
50.0,3b2fd671-370f-41c5-84eb-765d8c900e19,7.136986301369868,52.25680342530481,24.0999505598095
